<?xml version="1.0" encoding="utf-8" standalone="yes"?>
<rss version="2.0" xmlns:atom="http://www.w3.org/2005/Atom">
  <channel>
    <title>Software Data on EuCanImage Portal</title>
    <link>http://localhost:1313/software/</link>
    <description>Recent content in Software Data on EuCanImage Portal</description>
    <generator>Hugo</generator>
    <language>en-us</language>
    <atom:link href="http://localhost:1313/software/index.xml" rel="self" type="application/rss+xml" />
  </channel>
</rss>
